ROF576\image3440.jpeg,16
ROF9\image162.png,40
ROF576\image3434.png,16
ROF6\image116.png,22
ROF116\image1169.jpeg,18
ROM102\image923.png,2
ROM715\image4384.png,23
PJF37\image293.png,9
ROF606\image3577.png,24
ROS847\image5410.png,12
ROS879\image5809.png,6
PJM180\image1084.jpeg,19
ROM231\image1974.png,27
PJF8\image97.jpeg,20
ROF124\image1316.jpeg,7
ROM121\image1254.png,36
PJF7\image48.png,35
ROF10\image263.jpeg,25
ROM121\image1286.png,36
ROS847\image5393.png,12
ROS849\image5426.png,31
ROM102\image872.png,2
ROM231\image1961.png,27
ROF166\image1655.png,13
ROM102\image864.png,2
ROS847\image5382.png,12
ROF10\image255.png,25
ROM102\image879.png,2
ROF6\image117.png,22
ROF105\image1086.jpeg,29
ROM294\image2431.png,17
ROS847\image5385.png,12
ROM238\image2092.png,33
ROF10\image266.png,25
ROF6\image64.jpeg,22
ROM103\image937.jpeg,3
ROM238\image2041.jpeg,33
ROF124\image1319.png,7
ROM271\image2299.jpeg,34
ROM106\image1120.png,21
ROM231\image1923.png,27
ROM706\image4147.png,32
PJF37\image315.png,9
ROM706\image4157.png,32
ROM231\image1943.png,27
ROF77\image643.png,38
ROF576\image3436.png,16
ROF10\image210.jpeg,25
ROM121\image1280.png,36
ROF6\image100.png,22
ROM413\image2886.png,0
ROM102\image887.png,2
ROF9\image186.png,40
ROF77\image668.jpeg,38
ROF116\image1177.jpeg,18
ROM715\image4357.png,23
ROM121\image1237.png,36
ROS796\image4923.png,26
ROF10\image277.jpeg,25
ROM106\image1088.jpeg,21
PJF7\image27.jpeg,35
ROF6\image101.png,22
ROM338\image2571.png,37
ROF160\image1630.png,30
ROM1\image7.jpeg,4
ROM1\image37.png,4
ROM88\image737.jpeg,14
PJM180\image1066.png,19
ROS879\image5786.png,6
ROM231\image1966.png,27
ROM103\image943.png,3
ROM238\image2073.png,33
ROF160\image1612.png,30
ROJ226\image1885.png,42
ROM283\image2370.png,28
ROM103\image965.jpeg,3
ROF9\image190.png,40
ROM121\image1265.jpeg,36
ROF606\image3580.png,24
ROF9\image177.jpeg,40
ROM238\image2061.jpeg,33
ROS796\image4914.png,26
PJF287\image1660.tiff,15
ROM28\image389.png,41
ROF708\image4175.png,39
ROS796\image4870.png,26
ROS847\image5414.png,12
ROM251\image2154.png,10
ROM88\image747.png,14
ROM706\image4127.png,32
ROM102\image821.jpeg,2
ROF105\image1037.jpeg,29
ROF105\image1077.png,29
ROF166\image1659.jpeg,13
ROF10\image286.png,25
ROF10\image267.jpeg,25
ROF6\image102.png,22
ROF63\image549.jpeg,8
ROM103\image960.jpeg,3
ROF63\image583.jpeg,8
ROF576\image3458.png,16
ROM1\image34.jpeg,4
ROM238\image2087.png,33
ROM706\image4156.png,32
ROF708\image4198.png,39
ROM102\image876.png,2
ROJ226\image1888.jpeg,42
PJF287\image1650.png,15
ROM283\image2374.jpeg,28
ROF160\image1615.png,30
ROF116\image1212.png,18
ROF6\image71.jpeg,22
ROF105\image1039.jpeg,29
ROM28\image403.png,41
ROF77\image654.jpeg,38
ROF576\image3443.jpeg,16
ROM88\image714.png,14
ROF6\image93.png,22
ROF116\image1185.jpeg,18
ROM338\image2594.png,37
ROS847\image5378.png,12
ROF708\image4178.png,39
ROM271\image2286.png,34
ROF63\image595.jpeg,8
ROF10\image243.jpeg,25
ROM715\image4371.png,23
ROM706\image4111.png,32
ROF9\image149.jpeg,40
ROF77\image641.png,38
ROF77\image680.png,38
ROM709\image4253.png,11
PJF287\image1645.tiff,15
ROF105\image1042.jpeg,29
ROF10\image284.png,25
ROF124\image1323.jpeg,7
PJF7\image33.jpeg,35
ROM106\image1105.jpeg,21
PJF7\image49.jpeg,35
ROM88\image732.png,14
ROF576\image3485.png,16
ROM283\image2352.png,28
ROM271\image2267.png,34
PJF7\image43.jpeg,35
ROF606\image3618.png,24
ROM121\image1266.jpeg,36
ROS801\image5007.png,5
ROM28\image409.png,41
ROJ226\image1861.png,42
ROM231\image1968.png,27
ROF77\image635.jpeg,38
ROF576\image3429.png,16
ROM102\image825.jpeg,2
ROS879\image5813.png,6
ROM1\image43.jpeg,4
ROM88\image748.jpeg,14
ROF166\image1663.png,13
PJF7\image15.jpeg,35
ROM338\image2555.png,37
ROS849\image5438.png,31
ROM251\image2172.png,10
ROJ226\image1896.png,42
ROM88\image720.png,14
ROM338\image2570.png,37
ROF166\image1654.png,13
ROM251\image2195.png,10
ROM88\image757.jpeg,14
ROF160\image1595.png,30
ROF77\image631.png,38
ROS796\image4899.png,26
ROM121\image1258.png,36
ROF9\image150.jpeg,40
PJF37\image321.tiff,9
PJF37\image313.jpeg,9
ROS849\image5455.png,31
ROM271\image2302.jpeg,34
ROM1\image33.jpeg,4
ROM106\image1131.jpeg,21
ROM103\image952.png,3
ROF160\image1601.jpeg,30
ROS801\image5004.png,5
ROM121\image1238.jpeg,36
ROF9\image193.png,40
ROM271\image2265.jpeg,34
PJM180\image1086.jpeg,19
ROF77\image644.png,38
ROF63\image571.png,8
ROF166\image1668.png,13
ROF116\image1180.png,18
ROF166\image1646.jpeg,13
ROM102\image882.jpeg,2
ROF77\image689.png,38
PJM180\image1079.png,19
ROF166\image1672.jpeg,13
ROS796\image4888.png,26
ROF576\image3428.jpeg,16
ROF160\image1620.png,30
ROF10\image288.png,25
ROS801\image4973.png,5
ROM715\image4366.png,23
ROM102\image818.jpeg,2
PJF37\image309.png,9
ROM709\image4245.png,11
ROF6\image69.jpeg,22
PJM180\image1088.jpeg,19
ROM338\image2569.png,37
ROM413\image2893.jpeg,0
ROF63\image562.jpeg,8
PJF8\image85.png,20
ROM102\image877.png,2
ROF9\image175.png,40
ROM121\image1267.jpeg,36
ROF10\image236.jpeg,25
ROF160\image1607.jpeg,30
ROM294\image2429.jpeg,17
ROM709\image4247.png,11
ROS796\image4869.png,26
ROM102\image838.jpeg,2
ROM238\image2060.png,33
PJF287\image1657.jpeg,15
ROM103\image971.png,3
ROM102\image881.jpeg,2
ROF116\image1184.jpeg,18
ROF166\image1649.jpeg,13
ROM106\image1123.png,21
ROM1\image2.jpeg,4
PJF7\image11.png,35
ROF606\image3572.png,24
ROM271\image2293.png,34
ROM715\image4349.png,23
ROM104\image997.png,1
ROF10\image250.jpeg,25
ROM706\image4120.png,32
ROM102\image894.png,2
ROM104\image1010.png,1
ROM294\image2408.jpeg,17
ROM104\image993.png,1
ROM102\image819.jpeg,2
ROF124\image1325.jpeg,7
ROM1\image1.jpeg,4
ROM88\image734.jpeg,14
ROM88\image745.png,14
ROF124\image1354.jpeg,7
PJF37\image328.jpeg,9
ROM709\image4246.png,11
PJF287\image1669.png,15
ROM283\image2366.jpeg,28
ROF63\image564.jpeg,8
ROS796\image4884.png,26
ROF116\image1183.jpeg,18
ROF10\image206.jpeg,25
ROM1\image22.png,4
ROF6\image79.png,22
ROM102\image898.jpeg,2
ROF6\image109.png,22
ROM715\image4343.png,23
ROM106\image1126.png,21
ROF10\image285.jpeg,25
PJM180\image1090.tiff,19
ROS847\image5416.png,12
ROS849\image5474.png,31
ROS879\image5797.png,6
ROF77\image665.jpeg,38
ROJ226\image1875.png,42
ROF606\image3617.png,24
ROF9\image180.jpeg,40
ROM413\image2901.png,0
ROM1\image4.jpeg,4
ROF77\image670.jpeg,38
ROS879\image5777.png,6
ROF160\image1584.jpeg,30
ROM104\image989.jpeg,1
ROF10\image257.png,25
ROF63\image604.png,8
ROF10\image201.jpeg,25
ROJ226\image1871.png,42
ROF166\image1682.png,13
ROF116\image1214.png,18
ROS849\image5428.png,31
ROM103\image955.png,3
ROF576\image3423.jpeg,16
ROM338\image2592.png,37
ROF9\image155.jpeg,40
ROS879\image5812.png,6
ROM251\image2149.png,10
ROF576\image3512.png,16
ROM102\image865.png,2
ROF124\image1343.jpeg,7
ROM709\image4228.png,11
ROF10\image202.png,25
ROM251\image2160.png,10
ROM88\image764.png,14
ROM294\image2436.png,17
ROM121\image1264.jpeg,36
ROM283\image2375.jpeg,28
PJF37\image295.png,9
ROM88\image730.jpeg,14
ROM709\image4230.png,11
ROF10\image274.jpeg,25
ROJ226\image1894.png,42
ROF576\image3426.jpeg,16
ROM413\image2860.png,0
ROS847\image5371.png,12
ROS801\image4968.png,5
ROS796\image4915.png,26
ROM709\image4240.png,11
ROM102\image850.png,2
ROF124\image1332.jpeg,7
ROF63\image574.png,8
ROM251\image2153.jpeg,10
ROF116\image1196.png,18
ROM102\image886.jpeg,2
ROF166\image1645.png,13
PJF287\image1667.png,15
ROS849\image5444.png,31
ROF63\image573.jpeg,8
ROF606\image3582.png,24
ROS847\image5397.png,12
ROS849\image5440.png,31
ROM413\image2880.png,0
ROM106\image1108.jpeg,21
ROM251\image2155.jpeg,10
ROM88\image753.jpeg,14
ROM104\image1006.jpeg,1
ROF708\image4174.png,39
ROM413\image2851.png,0
ROF105\image1070.png,29
ROF166\image1667.jpeg,13
ROM251\image2194.png,10
ROM715\image4342.png,23
ROF6\image103.png,22
ROS849\image5443.png,31
ROM338\image2568.png,37
ROF105\image1078.png,29
PJF7\image19.jpeg,35
ROM1\image39.png,4
ROM706\image4163.png,32
ROM104\image1023.png,1
ROM271\image2266.jpeg,34
ROF10\image241.png,25
ROM104\image991.png,1
ROF606\image3584.png,24
ROM706\image4112.png,32
ROF63\image598.png,8
ROF166\image1678.png,13
ROF708\image4181.png,39
ROM283\image2354.jpeg,28
ROM706\image4116.png,32
ROS849\image5463.png,31
ROF9\image140.jpeg,40
ROM715\image4368.png,23
ROF10\image280.jpeg,25
ROM706\image4119.png,32
ROM338\image2564.png,37
ROM102\image824.jpeg,2
ROS847\image5396.png,12
ROJ226\image1867.png,42
ROF105\image1041.jpeg,29
ROM413\image2889.png,0
ROF124\image1349.jpeg,7
ROF576\image3439.png,16
PJF8\image98.jpeg,20
ROF9\image154.jpeg,40
ROM271\image2275.png,34
PJF287\image1674.tiff,15
PJF7\image51.jpeg,35
ROF77\image628.png,38
ROF116\image1197.jpeg,18
ROM238\image2076.png,33
ROM283\image2382.png,28
PJF287\image1676.png,15
ROF160\image1563.jpeg,30
ROF708\image4205.png,39
ROM103\image970.png,3
ROF105\image1057.jpeg,29
ROM271\image2264.png,34
PJM180\image1075.jpeg,19
ROS847\image5376.png,12
ROS847\image5402.png,12
ROF576\image3472.png,16
ROF105\image1048.jpeg,29
ROS801\image4979.png,5
ROF10\image246.jpeg,25
ROM1\image38.jpeg,4
ROM709\image4235.png,11
ROF166\image1690.png,13
ROM231\image1940.jpeg,27
ROM106\image1114.png,21
ROS796\image4876.png,26
ROF9\image152.png,40
ROM283\image2364.png,28
ROM706\image4158.png,32
ROM104\image979.jpeg,1
ROM121\image1273.png,36
ROM251\image2192.png,10
ROM121\image1290.jpeg,36
ROF708\image4168.png,39
ROM706\image4109.png,32
ROS849\image5436.png,31
ROM1\image29.jpeg,4
ROF166\image1683.png,13
ROM121\image1249.png,36
ROM88\image726.jpeg,14
ROS796\image4903.png,26
ROM104\image1001.png,1
ROF77\image676.jpeg,38
ROJ226\image1865.png,42
ROJ226\image1879.png,42
PJF37\image303.jpeg,9
ROF606\image3608.png,24
ROM104\image987.jpeg,1
ROS796\image4879.png,26
ROF9\image174.png,40
ROM121\image1255.png,36
ROF160\image1606.png,30
ROF606\image3588.jpeg,24
ROM104\image1015.jpeg,1
ROM103\image962.jpeg,3
ROM106\image1130.png,21
ROM238\image2088.png,33
ROS847\image5395.png,12
ROF116\image1168.jpeg,18
ROF9\image164.png,40
ROM231\image1926.png,27
ROM413\image2852.png,0
ROF105\image1035.jpeg,29
ROM103\image950.png,3
ROS879\image5818.png,6
ROS801\image4982.png,5
ROF576\image3421.jpeg,16
ROF166\image1681.png,13
ROF606\image3607.png,24
ROS801\image5012.png,5
ROM88\image744.png,14
PJF8\image75.jpeg,20
ROS796\image4875.png,26
ROM121\image1256.jpeg,36
ROM413\image2877.jpeg,0
ROS801\image4998.jpeg,5
ROF77\image660.png,38
ROM104\image1018.png,1
ROF105\image1044.jpeg,29
ROS796\image4873.png,26
ROM1\image20.png,4
ROJ226\image1882.png,42
ROM706\image4151.png,32
ROM706\image4138.png,32
ROM104\image1005.png,1
ROM102\image914.png,2
ROM121\image1263.jpeg,36
ROF105\image1069.jpeg,29
ROF708\image4207.png,39
ROJ226\image1892.png,42
ROF116\image1201.png,18
ROF576\image3422.jpeg,16
ROF6\image68.png,22
ROM709\image4242.png,11
ROM106\image1103.png,21
ROF10\image272.png,25
ROM28\image386.jpeg,41
ROM104\image973.png,1
ROM715\image4344.png,23
ROM231\image1951.png,27
PJF8\image64.jpeg,20
ROM102\image897.png,2
PJF287\image1639.jpeg,15
ROM102\image918.png,2
ROF166\image1687.png,13
ROS879\image5787.png,6
ROF105\image1065.png,29
ROF105\image1084.jpeg,29
ROF9\image169.jpeg,40
ROF77\image653.png,38
ROF10\image245.jpeg,25
ROF116\image1179.png,18
ROM238\image2074.png,33
ROF77\image690.png,38
ROF124\image1335.jpeg,7
ROF10\image251.jpeg,25
ROM709\image4258.png,11
ROM231\image1950.png,27
ROF10\image224.png,25
ROM121\image1239.jpeg,36
ROF160\image1577.jpeg,30
ROM1\image11.jpeg,4
ROM1\image25.jpeg,4
ROM294\image2410.jpeg,17
ROF9\image176.png,40
ROM338\image2596.png,37
ROM102\image926.png,2
ROF576\image3445.png,16
ROF116\image1218.png,18
ROF10\image253.jpeg,25
ROS879\image5817.png,6
ROF606\image3616.png,24
ROM338\image2578.png,37
ROF10\image230.png,25
ROF116\image1216.png,18
ROM238\image2082.png,33
ROM338\image2561.png,37
ROM238\image2037.png,33
ROF105\image1036.jpeg,29
ROM28\image398.jpeg,41
ROF77\image621.jpeg,38
ROM88\image760.png,14
ROF124\image1321.jpeg,7
ROS849\image5448.png,31
PJF287\image1652.tiff,15
ROS796\image4896.png,26
ROF6\image85.png,22
ROM88\image723.jpeg,14
ROM88\image731.jpeg,14
ROF9\image157.jpeg,40
ROF105\image1074.png,29
ROM231\image1934.png,27
ROM709\image4256.png,11
ROM104\image1003.png,1
ROF160\image1627.jpeg,30
ROM294\image2445.png,17
ROF116\image1166.jpeg,18
ROM103\image963.jpeg,3
PJM180\image1063.jpeg,19
ROF9\image161.png,40
ROM103\image958.jpeg,3
PJF8\image93.png,20
ROM104\image995.png,1
ROJ226\image1899.png,42
ROM1\image19.png,4
ROF63\image576.jpeg,8
PJM180\image1068.png,19
ROF576\image3457.png,16
ROM294\image2444.png,17
PJF8\image74.tiff,20
PJF8\image81.jpeg,20
ROS879\image5816.png,6
ROF10\image252.jpeg,25
ROF576\image3452.png,16
ROF160\image1590.jpeg,30
ROS796\image4918.png,26
ROM715\image4360.png,23
ROF9\image170.jpeg,40
ROM706\image4139.png,32
ROF116\image1174.png,18
ROM706\image4150.png,32
ROF576\image3431.jpeg,16
ROM706\image4126.png,32
ROM88\image741.jpeg,14
ROF6\image110.png,22
ROM238\image2045.jpeg,33
PJF8\image59.jpeg,20
ROF576\image3466.png,16
ROF105\image1060.png,29
ROM106\image1093.jpeg,21
ROM271\image2290.png,34
ROM706\image4121.png,32
ROM271\image2278.png,34
ROF6\image74.png,22
ROM709\image4216.png,11
ROM121\image1247.png,36
ROM104\image974.jpeg,1
ROS879\image5782.png,6
ROF160\image1566.jpeg,30
ROM238\image2052.jpeg,33
ROS879\image5791.png,6
ROS796\image4912.png,26
ROM28\image394.jpeg,41
ROM294\image2468.jpeg,17
ROM121\image1271.jpeg,36
ROM706\image4134.png,32
ROM102\image848.jpeg,2
ROJ226\image1905.jpeg,42
ROM706\image4148.png,32
ROF63\image580.png,8
ROF10\image254.png,25
ROM238\image2085.png,33
ROF708\image4184.png,39
PJF7\image29.jpeg,35
ROM121\image1250.png,36
PJF7\image35.tiff,35
ROS879\image5807.png,6
ROM106\image1096.jpeg,21
ROM103\image933.jpeg,3
ROM1\image49.jpeg,4
ROM106\image1101.jpeg,21
ROM251\image2152.jpeg,10
ROM1\image45.jpeg,4
ROM106\image1112.jpeg,21
ROF6\image76.png,22
PJF37\image322.jpeg,9
ROM271\image2291.png,34
ROS849\image5462.png,31
ROF160\image1582.jpeg,30
ROS879\image5803.png,6
ROM104\image1013.png,1
ROM338\image2574.png,37
ROM709\image4257.png,11
ROF116\image1208.png,18
ROF606\image3593.png,24
ROM103\image934.jpeg,3
ROM231\image1952.jpeg,27
ROM106\image1122.png,21
ROM251\image2203.png,10
ROF606\image3579.png,24
ROF63\image570.jpeg,8
ROS801\image4984.png,5
ROM283\image2357.png,28
ROM104\image1027.png,1
PJF8\image71.jpeg,20
ROM294\image2462.png,17
ROM104\image1030.png,1
ROF6\image115.png,22
ROF63\image582.jpeg,8
ROS796\image4895.png,26
ROM106\image1124.png,21
ROM251\image2151.png,10
ROF6\image65.jpeg,22
ROM88\image752.png,14
ROF77\image649.png,38
ROF77\image633.png,38
ROM413\image2862.png,0
ROS847\image5404.png,12
ROS879\image5814.png,6
ROM1\image53.png,4
PJF8\image90.png,20
ROF6\image94.png,22
ROS801\image4996.png,5
PJF287\image1663.png,15
ROM28\image413.jpeg,41
ROM413\image2854.png,0
ROF9\image173.png,40
ROJ226\image1878.png,42
ROS879\image5772.png,6
ROM102\image833.jpeg,2
ROM28\image418.png,41
PJF287\image1678.jpeg,15
ROM102\image820.jpeg,2
ROM294\image2453.png,17
ROM103\image947.jpeg,3
ROM102\image860.png,2
ROF576\image3447.png,16
ROM338\image2554.png,37
ROM709\image4222.tiff,11
ROM102\image924.png,2
ROM706\image4141.png,32
ROF160\image1594.png,30
ROF10\image216.png,25
ROF166\image1662.jpeg,13
ROF160\image1621.png,30
ROM238\image2048.jpeg,33
ROF6\image84.png,22
ROM283\image2368.png,28
ROM88\image749.png,14
PJF37\image308.png,9
ROF576\image3469.png,16
ROM231\image1972.png,27
ROF576\image3430.png,16
ROM88\image717.jpeg,14
ROF77\image667.jpeg,38
ROS801\image5000.png,5
ROF77\image632.png,38
ROM294\image2419.jpeg,17
ROS849\image5425.png,31
ROM413\image2858.png,0
ROS847\image5369.png,12
ROM706\image4152.png,32
ROM283\image2372.jpeg,28
ROF6\image70.jpeg,22
ROJ226\image1860.png,42
ROF606\image3581.png,24
ROM271\image2319.png,34
ROM413\image2909.png,0
ROF160\image1614.jpeg,30
PJF37\image331.jpeg,9
ROM88\image756.jpeg,14
ROF77\image642.png,38
ROS801\image4977.png,5
ROS801\image4970.png,5
PJF8\image73.jpeg,20
ROF606\image3610.png,24
ROF105\image1055.jpeg,29
PJF287\image1643.tiff,15
ROF77\image671.png,38
ROM231\image1930.png,27
ROM88\image733.jpeg,14
ROF77\image637.png,38
ROF160\image1569.jpeg,30
PJM180\image1062.jpeg,19
PJF8\image87.png,20
ROF124\image1347.png,7
ROF160\image1591.png,30
ROM28\image393.png,41
ROM102\image830.jpeg,2
ROM238\image2081.png,33
ROM1\image44.jpeg,4
ROM413\image2894.png,0
ROM106\image1100.jpeg,21
ROM251\image2150.png,10
ROM294\image2460.jpeg,17
ROM294\image2415.png,17
ROM271\image2283.png,34
ROF105\image1053.jpeg,29
ROF124\image1338.jpeg,7
ROM231\image1928.jpeg,27
ROM103\image953.png,3
ROF63\image596.jpeg,8
ROM283\image2360.jpeg,28
ROM102\image880.jpeg,2
PJF7\image14.jpeg,35
ROS849\image5466.png,31
ROF606\image3613.png,24
ROM294\image2464.png,17
PJF37\image304.png,9
ROM338\image2587.png,37
ROM238\image2070.png,33
ROM121\image1279.jpeg,36
PJF7\image41.jpeg,35
ROS847\image5368.png,12
ROF9\image163.png,40
ROM28\image416.jpeg,41
ROM121\image1277.png,36
ROF9\image185.png,40
ROM102\image885.jpeg,2
ROF576\image3427.jpeg,16
ROM88\image751.png,14
PJF287\image1654.png,15
ROM413\image2870.jpeg,0
ROM338\image2591.png,37
ROF10\image265.jpeg,25
ROF124\image1324.png,7
ROM294\image2407.png,17
ROF576\image3507.png,16
PJF287\image1668.jpeg,15
ROF6\image86.jpeg,22
ROF77\image679.png,38
ROM251\image2199.png,10
PJM180\image1095.tiff,19
ROS801\image4966.png,5
ROM102\image851.png,2
ROF105\image1052.png,29
ROF166\image1671.jpeg,13
ROM1\image21.png,4
ROM271\image2320.png,34
ROF105\image1067.png,29
PJF8\image70.jpeg,20
ROM28\image376.png,41
ROM1\image40.jpeg,4
ROM706\image4125.png,32
ROF9\image142.jpeg,40
ROJ226\image1910.jpeg,42
PJF8\image78.jpeg,20
ROM238\image2049.png,33
ROM231\image1937.png,27
ROF9\image178.jpeg,40
ROM28\image380.jpeg,41
ROM706\image4136.png,32
ROM28\image383.jpeg,41
ROM88\image750.jpeg,14
ROS847\image5379.png,12
ROM709\image4227.png,11
ROM231\image1962.png,27
ROS847\image5372.png,12
ROM103\image964.png,3
ROM709\image4218.png,11
ROM283\image2387.jpeg,28
ROM294\image2451.png,17
ROS796\image4883.png,26
ROF77\image666.jpeg,38
ROS796\image4885.png,26
ROF105\image1072.png,29
ROM706\image4117.png,32
ROS879\image5794.png,6
ROM104\image1012.jpeg,1
ROF116\image1188.png,18
ROM121\image1285.png,36
ROM231\image1965.png,27
ROF10\image223.jpeg,25
ROM106\image1106.jpeg,21
ROF77\image664.jpeg,38
ROM715\image4358.png,23
ROF105\image1038.jpeg,29
ROS849\image5465.png,31
ROM121\image1235.jpeg,36
ROF9\image144.png,40
ROF576\image3498.png,16
ROF77\image663.png,38
ROF116\image1173.jpeg,18
ROF166\image1677.png,13
ROS801\image4983.png,5
ROF63\image588.jpeg,8
ROF9\image158.jpeg,40
ROM294\image2450.jpeg,17
ROM104\image998.png,1
ROF63\image577.png,8
ROF606\image3614.png,24
ROJ226\image1890.jpeg,42
ROM271\image2303.png,34
ROF9\image189.png,40
ROM238\image2093.png,33
ROM706\image4114.png,32
ROM706\image4142.png,32
PJF7\image54.jpeg,35
ROF708\image4206.png,39
ROM338\image2580.png,37
ROF9\image183.jpeg,40
ROF105\image1081.png,29
ROF9\image179.jpeg,40
ROF6\image105.png,22
ROF63\image591.jpeg,8
ROM106\image1104.png,21
ROF9\image160.jpeg,40
ROM102\image925.png,2
ROM709\image4249.png,11
PJF8\image63.jpeg,20
ROM709\image4244.png,11
ROM413\image2849.png,0
ROM238\image2040.jpeg,33
ROS879\image5774.png,6
ROM88\image746.png,14
ROS801\image4969.png,5
ROM709\image4234.png,11
ROF6\image75.jpeg,22
ROM102\image844.jpeg,2
ROM283\image2353.png,28
ROF708\image4190.png,39
ROM104\image990.png,1
PJF287\image1647.png,15
ROM413\image2857.png,0
ROS847\image5383.png,12
ROM238\image2079.jpeg,33
ROF606\image3590.png,24
ROF576\image3464.png,16
ROM251\image2164.jpeg,10
PJF8\image100.jpeg,20
ROF63\image607.png,8
ROF105\image1049.jpeg,29
ROM338\image2565.jpeg,37
ROM104\image977.png,1
ROM104\image1004.png,1
ROS849\image5447.png,31
PJF287\image1651.jpeg,15
ROM413\image2847.png,0
PJM180\image1096.jpeg,19
ROM231\image1955.jpeg,27
ROM294\image2411.jpeg,17
ROM102\image869.png,2
ROM238\image2038.jpeg,33
ROM283\image2384.png,28
ROF708\image4183.png,39
ROF160\image1617.png,30
ROF576\image3435.png,16
PJM180\image1076.jpeg,19
ROM709\image4237.png,11
ROF10\image268.png,25
ROF77\image678.png,38
ROM271\image2318.png,34
ROM413\image2908.png,0
ROM1\image52.jpeg,4
ROF166\image1660.jpeg,13
PJF8\image79.jpeg,20
ROF124\image1315.png,7
ROF77\image650.png,38
ROM231\image1969.png,27
ROF160\image1578.jpeg,30
ROM283\image2385.png,28
ROM238\image2036.png,33
ROF166\image1664.png,13
ROM102\image889.jpeg,2
ROF116\image1193.png,18
ROF166\image1689.png,13
ROS801\image4989.png,5
ROS849\image5431.png,31
ROS796\image4906.png,26
ROF63\image584.jpeg,8
ROS847\image5418.png,12
ROF9\image182.png,40
ROM103\image940.jpeg,3
ROM238\image2094.png,33
ROF576\image3502.png,16
ROS879\image5808.png,6
PJF8\image65.jpeg,20
ROM88\image715.jpeg,14
ROM271\image2315.png,34
ROF124\image1317.jpeg,7
ROF63\image563.jpeg,8
ROF576\image3453.png,16
ROM104\image975.jpeg,1
ROF10\image275.jpeg,25
ROF116\image1204.png,18
PJF7\image16.jpeg,35
ROM338\image2586.png,37
ROS879\image5780.png,6
PJF8\image102.jpeg,20
ROS849\image5452.png,31
ROM238\image2053.jpeg,33
ROM413\image2856.png,0
ROS849\image5432.png,31
ROM294\image2470.png,17
ROF6\image88.jpeg,22
ROM104\image1034.png,1
ROM251\image2202.png,10
ROF10\image249.jpeg,25
ROM271\image2272.png,34
ROM413\image2881.png,0
ROM106\image1116.png,21
ROF77\image645.png,38
ROM271\image2300.jpeg,34
ROM104\image976.png,1
ROM715\image4350.png,23
ROM338\image2573.png,37
ROM231\image1929.png,27
ROF116\image1178.jpeg,18
ROF105\image1059.jpeg,29
ROM88\image718.jpeg,14
ROS847\image5375.jpeg,12
ROM1\image50.jpeg,4
ROF77\image638.png,38
ROF606\image3612.png,24
ROM251\image2178.png,10
ROF105\image1054.jpeg,29
ROM104\image999.jpeg,1
ROF105\image1046.jpeg,29
ROS801\image4975.png,5
PJF287\image1649.png,15
ROF77\image625.png,38
PJF8\image94.jpeg,20
ROF10\image240.jpeg,25
ROM88\image735.png,14
ROM706\image4153.png,32
ROF77\image629.png,38
ROF10\image238.png,25
ROF63\image608.png,8
PJF8\image61.png,20
ROF105\image1045.jpeg,29
ROF576\image3491.png,16
ROS801\image4976.png,5
ROM271\image2304.jpeg,34
ROF166\image1669.png,13
PJF8\image62.png,20
PJF7\image40.png,35
ROF160\image1632.png,30
ROF10\image204.jpeg,25
ROF6\image87.jpeg,22
ROS849\image5450.png,31
ROM715\image4348.png,23
ROF105\image1051.png,29
ROM104\image980.jpeg,1
ROM294\image2412.jpeg,17
ROM238\image2067.png,33
ROS796\image4889.png,26
ROF6\image78.png,22
ROF708\image4165.png,39
PJM180\image1074.jpeg,19
ROF166\image1684.png,13
ROF77\image674.png,38
ROF160\image1604.jpeg,30
ROM271\image2298.jpeg,34
ROM271\image2287.png,34
ROF576\image3483.png,16
PJF287\image1640.jpeg,15
ROM271\image2269.png,34
ROF160\image1568.jpeg,30
ROM106\image1089.jpeg,21
PJF287\image1642.png,15
ROS849\image5429.png,31
ROM413\image2902.png,0
ROF166\image1658.png,13
ROF10\image208.jpeg,25
ROJ226\image1901.png,42
ROF166\image1653.png,13
ROF10\image222.png,25
ROF77\image626.png,38
ROM251\image2189.png,10
ROM102\image847.jpeg,2
ROM338\image2563.jpeg,37
ROM238\image2072.png,33
ROF63\image606.png,8
ROM106\image1117.jpeg,21
ROM709\image4217.png,11
ROM709\image4221.png,11
ROF10\image256.png,25
ROF576\image3499.png,16
ROM271\image2316.png,34
ROM709\image4238.png,11
ROS847\image5384.png,12
ROM28\image392.jpeg,41
ROF105\image1040.jpeg,29
ROM231\image1941.jpeg,27
ROM106\image1087.jpeg,21
ROM28\image381.jpeg,41
ROF6\image114.png,22
ROF576\image3450.png,16
ROF124\image1320.jpeg,7
ROF576\image3432.png,16
ROS879\image5795.png,6
ROS801\image4964.png,5
ROF576\image3460.png,16
ROM271\image2296.png,34
ROS849\image5446.png,31
ROF10\image207.jpeg,25
ROM251\image2168.png,10
ROM102\image856.jpeg,2
ROM338\image2588.png,37
ROM238\image2086.png,33
PJF37\image316.jpeg,9
ROM413\image2905.png,0
PJF287\image1661.png,15
ROM103\image927.jpeg,3
PJF8\image67.png,20
ROF166\image1647.jpeg,13
ROF63\image575.png,8
ROM251\image2170.png,10
PJF7\image13.jpeg,35
ROM103\image946.jpeg,3
ROM413\image2879.png,0
ROM338\image2589.png,37
ROM271\image2311.jpeg,34
ROM294\image2466.jpeg,17
ROF160\image1585.png,30
ROS796\image4867.jpeg,26
ROS879\image5796.png,6
ROM706\image4154.png,32
ROM28\image402.jpeg,41
ROS879\image5781.png,6
ROF116\image1165.jpeg,18
ROF606\image3585.png,24
ROM271\image2274.jpeg,34
ROJ226\image1864.png,42
ROJ226\image1868.png,42
ROM28\image401.jpeg,41
ROM104\image992.jpeg,1
ROM413\image2871.jpeg,0
ROM238\image2056.jpeg,33
ROF576\image3503.png,16
ROF116\image1167.jpeg,18
ROM88\image739.jpeg,14
ROM103\image931.jpeg,3
PJF37\image327.jpeg,9
PJF287\image1664.png,15
ROM709\image4243.png,11
ROF160\image1626.png,30
ROF6\image89.jpeg,22
PJF37\image305.png,9
ROF576\image3476.png,16
ROF10\image282.png,25
ROF6\image82.png,22
ROS801\image4988.JPG,5
ROF576\image3462.png,16
PJF287\image1644.tiff,15
ROM104\image1000.jpeg,1
ROF63\image567.jpeg,8
ROJ226\image1887.png,42
ROF105\image1062.png,29
PJF37\image297.tiff,9
ROM715\image4364.png,23
PJF7\image34.jpeg,35
ROF105\image1075.png,29
ROM1\image15.jpeg,4
ROF10\image218.jpeg,25
PJM180\image1094.jpeg,19
ROM102\image831.jpeg,2
ROM283\image2383.png,28
ROM251\image2196.png,10
ROF63\image557.png,8
ROM1\image30.jpeg,4
ROM271\image2306.png,34
ROM251\image2187.png,10
ROM88\image762.png,14
ROF105\image1071.png,29
ROF160\image1624.png,30
ROF10\image212.jpeg,25
ROF576\image3482.png,16
ROM283\image2377.png,28
ROM715\image4382.png,23
ROM121\image1272.png,36
ROF166\image1644.jpeg,13
ROM715\image4383.png,23
ROF576\image3441.jpeg,16
ROM231\image1964.png,27
ROM294\image2403.png,17
ROM121\image1270.png,36
ROM1\image10.jpeg,4
ROM338\image2557.jpeg,37
PJF37\image310.png,9
ROM294\image2413.jpeg,17
PJF7\image20.jpeg,35
ROF576\image3504.png,16
ROM251\image2157.jpeg,10
ROS796\image4887.png,26
ROF10\image260.jpeg,25
ROM251\image2161.png,10
ROF105\image1085.jpeg,29
ROM715\image4380.png,23
ROM238\image2078.png,33
ROM121\image1241.jpeg,36
ROS796\image4909.png,26
ROF708\image4166.png,39
ROM102\image893.png,2
ROM413\image2907.png,0
PJF7\image38.png,35
PJF37\image292.png,9
PJF7\image53.png,35
PJM180\image1085.tiff,19
ROM231\image1948.png,27
PJF37\image302.png,9
ROF166\image1656.jpeg,13
PJF37\image318.png,9
ROM251\image2193.png,10
ROM294\image2424.png,17
ROM88\image738.png,14
ROM283\image2369.png,28
ROM121\image1268.jpeg,36
PJM180\image1064.jpeg,19
PJF8\image60.png,20
ROF77\image627.png,38
ROF63\image560.png,8
PJF8\image103.jpeg,20
PJF37\image330.jpeg,9
ROM251\image2174.png,10
ROM715\image4369.png,23
ROF606\image3594.png,24
ROF166\image1652.png,13
ROF9\image195.png,40
ROM251\image2201.png,10
ROF9\image159.jpeg,40
ROS796\image4872.png,26
PJF8\image88.png,20
ROF10\image228.png,25
ROM104\image988.jpeg,1
ROF124\image1342.jpeg,7
ROM271\image2268.png,34
ROF708\image4177.png,39
ROM106\image1102.png,21
ROM28\image395.png,41
PJF7\image25.png,35
ROM271\image2285.jpeg,34
ROF63\image569.png,8
ROF606\image3573.png,24
ROM294\image2405.png,17
ROM294\image2469.png,17
PJF7\image30.jpeg,35
ROF124\image1330.jpeg,7
PJF37\image324.png,9
ROF166\image1688.png,13
ROM28\image382.jpeg,41
ROM88\image761.png,14
ROM102\image922.png,2
ROF77\image646.png,38
ROM104\image983.jpeg,1
ROS801\image4991.png,5
ROS801\image4962.png,5
ROS796\image4886.png,26
ROF606\image3598.png,24
ROF9\image165.jpeg,40
ROF116\image1191.jpeg,18
ROF10\image215.png,25
ROM715\image4381.png,23
ROF10\image247.jpeg,25
ROM104\image986.jpeg,1
ROS847\image5386.png,12
PJF7\image45.png,35
ROF124\image1333.jpeg,7
ROF576\image3511.png,16
ROF10\image229.png,25
ROS796\image4921.png,26
ROM251\image2162.png,10
ROS879\image5815.png,6
PJF7\image22.jpeg,35
ROM283\image2358.jpeg,28
PJF287\image1670.tiff,15
ROM715\image4346.png,23
ROS796\image4922.png,26
ROF124\image1344.png,7
ROM231\image1944.png,27
ROF6\image80.png,22
ROM294\image2414.png,17
ROM88\image716.jpeg,14
PJF287\image1637.png,15
ROM413\image2903.png,0
ROM1\image35.jpeg,4
ROM1\image41.jpeg,4
ROS847\image5399.png,12
PJF7\image10.jpeg,35
ROM231\image1956.png,27
ROM294\image2447.jpeg,17
ROF576\image3514.png,16
ROM338\image2593.png,37
ROM709\image4260.png,11
ROJ226\image1884.png,42
ROM231\image1935.png,27
ROF606\image3606.png,24
ROM271\image2314.png,34
ROS801\image4999.png,5
ROS796\image4877.png,26
ROF160\image1618.png,30
ROF63\image586.jpeg,8
ROF116\image1207.png,18
ROF116\image1187.jpeg,18
ROM294\image2461.png,17
ROS847\image5412.png,12
PJF7\image32.jpeg,35
ROM271\image2279.png,34
ROS847\image5411.png,12
ROF6\image111.png,22
ROM338\image2558.png,37
ROF63\image590.jpeg,8
ROM103\image932.jpeg,3
PJF37\image312.png,9
ROM104\image1025.png,1
ROF708\image4171.png,39
ROM413\image2869.jpeg,0
ROM103\image954.jpeg,3
ROF10\image203.jpeg,25
PJF8\image68.png,20
ROM1\image23.png,4
ROF116\image1176.jpeg,18
ROM709\image4219.png,11
ROM102\image829.jpeg,2
ROS847\image5419.png,12
ROM715\image4375.png,23
ROM103\image966.jpeg,3
ROM103\image957.png,3
ROS796\image4874.png,26
ROM709\image4233.png,11
PJF287\image1646.jpeg,15
ROF124\image1345.png,7
ROF6\image72.jpeg,22
ROF10\image235.jpeg,25
ROF708\image4201.png,39
ROM251\image2205.png,10
ROF116\image1192.jpeg,18
ROM338\image2567.jpeg,37
ROS849\image5422.png,31
ROM251\image2169.png,10
ROF77\image636.png,38
ROF77\image652.png,38
ROF606\image3587.png,24
ROM283\image2350.jpeg,28
ROF124\image1356.jpeg,7
ROM294\image2420.jpeg,17
ROM102\image916.png,2
ROM102\image855.jpeg,2
ROF77\image686.jpeg,38
ROF160\image1602.jpeg,30
ROF606\image3575.png,24
PJF287\image1677.png,15
ROF708\image4187.png,39
ROF6\image95.png,22
ROF166\image1650.png,13
ROM102\image888.png,2
ROM104\image996.png,1
ROF6\image120.png,22
ROM294\image2467.png,17
ROM706\image4124.png,32
ROM413\image2906.png,0
ROM106\image1115.png,21
ROM102\image832.jpeg,2
ROJ226\image1869.png,42
ROF116\image1175.png,18
ROF576\image3505.png,16
ROM121\image1275.jpeg,36
ROM88\image724.jpeg,14
ROF105\image1083.jpeg,29
ROF9\image143.jpeg,40
ROF63\image547.jpeg,8
ROF6\image99.png,22
ROM106\image1097.jpeg,21
ROJ226\image1873.png,42
ROF9\image146.jpeg,40
ROF160\image1571.png,30
ROF576\image3493.png,16
ROS847\image5380.png,12
ROS801\image5005.png,5
ROM121\image1240.jpeg,36
ROM238\image2071.png,33
ROM294\image2454.png,17
ROM88\image722.jpeg,14
ROM238\image2084.png,33
ROM104\image985.png,1
ROM413\image2865.jpeg,0
ROM715\image4373.png,23
ROM121\image1269.png,36
ROM231\image1939.jpeg,27
ROM238\image2090.png,33
ROM709\image4223.png,11
ROM103\image942.jpeg,3
ROM28\image391.png,41
ROM103\image944.png,3
ROS849\image5451.png,31
ROS801\image4994.png,5
ROM103\image928.jpeg,3
ROF708\image4204.png,39
PJF37\image329.jpeg,9
ROM102\image859.jpeg,2
ROF63\image578.jpeg,8
ROS879\image5790.png,6
ROF576\image3509.png,16
ROM88\image727.jpeg,14
ROM715\image4361.png,23
PJF37\image307.jpeg,9
PJF8\image56.png,20
ROM102\image827.jpeg,2
ROF77\image661.jpeg,38
ROF77\image656.png,38
ROF63\image587.jpeg,8
ROM121\image1276.jpeg,36
ROM413\image2887.png,0
ROM238\image2066.png,33
ROM102\image901.png,2
ROF160\image1605.png,30
ROS879\image5789.png,6
ROF105\image1073.png,29
ROF116\image1189.png,18
ROJ226\image1862.png,42
ROM106\image1128.png,21
ROF77\image622.jpeg,38
ROF63\image592.jpeg,8
ROS849\image5460.png,31
ROF160\image1576.jpeg,30
ROM28\image375.png,41
ROS879\image5778.png,6
ROS801\image5002.png,5
ROS879\image5776.png,6
ROM706\image4128.png,32
ROF576\image3490.png,16
PJF8\image95.jpeg,20
ROM231\image1949.png,27
ROM102\image836.jpeg,2
PJF287\image1675.png,15
ROM238\image2089.png,33
ROF6\image77.png,22
PJF7\image18.jpeg,35
PJF8\image89.png,20
ROM102\image892.png,2
ROF708\image4194.png,39
ROM413\image2866.jpeg,0
ROM715\image4363.png,23
ROS801\image4967.png,5
ROS849\image5459.png,31
ROM1\image28.jpeg,4
ROM102\image842.jpeg,2
ROM104\image981.jpeg,1
ROM413\image2883.png,0
ROM106\image1094.jpeg,21
ROF160\image1611.jpeg,30
ROM271\image2326.png,34
ROF160\image1600.png,30
ROM413\image2878.png,0
ROM106\image1132.png,21
ROM238\image2054.jpeg,33
ROM271\image2317.png,34
ROF105\image1064.jpeg,29
ROS796\image4907.png,26
ROM102\image875.png,2
PJF287\image1665.jpeg,15
ROM238\image2075.png,33
ROM102\image904.jpeg,2
ROM338\image2581.png,37
ROF63\image558.png,8
ROF77\image673.png,38
ROM121\image1260.jpeg,36
PJF8\image92.png,20
ROM706\image4140.png,32
ROM271\image2322.png,34
ROM102\image884.jpeg,2
ROM238\image2077.png,33
ROM103\image945.png,3
ROM706\image4130.png,32
ROF77\image640.png,38
ROF160\image1592.png,30
ROF77\image681.jpeg,38
ROM1\image31.png,4
ROJ226\image1870.jpeg,42
ROF576\image3425.jpeg,16
ROF606\image3586.jpeg,24
ROF576\image3495.png,16
ROF10\image214.png,25
ROF6\image96.png,22
ROS879\image5811.png,6
ROM102\image873.png,2
ROM102\image843.jpeg,2
ROM715\image4351.png,23
ROM709\image4226.png,11
ROS796\image4894.png,26
ROF77\image662.png,38
ROM102\image896.png,2
ROJ226\image1903.png,42
ROM28\image408.jpeg,41
PJF7\image36.png,35
ROJ226\image1900.png,42
ROF166\image1679.png,13
ROM102\image854.jpeg,2
ROM102\image861.jpeg,2
ROM251\image2176.png,10
ROM238\image2042.jpeg,33
ROM231\image1967.png,27
ROF708\image4209.png,39
ROF77\image675.png,38
ROJ226\image1886.png,42
ROM413\image2867.jpeg,0
ROM709\image4225.png,11
ROM709\image4254.png,11
ROF708\image4203.png,39
PJF8\image66.png,20
ROS879\image5773.png,6
ROM88\image729.jpeg,14
ROF708\image4169.png,39
ROM251\image2175.png,10
ROM121\image1251.png,36
ROF6\image98.png,22
ROF6\image81.png,22
ROS847\image5398.png,12
ROF124\image1350.jpeg,7
ROF10\image244.jpeg,25
PJF37\image325.tiff,9
ROM103\image948.png,3
ROF124\image1340.png,7
ROF116\image1198.jpeg,18
ROM709\image4239.png,11
PJF8\image99.jpeg,20
ROJ226\image1880.png,42
ROS801\image5009.png,5
ROM706\image4135.png,32
ROM106\image1109.jpeg,21
ROM413\image2910.png,0
ROM413\image2872.jpeg,0
ROF576\image3433.png,16
PJF37\image311.jpeg,9
ROM413\image2873.jpeg,0
ROM104\image1016.png,1
ROM294\image2457.png,17
ROF708\image4191.png,39
ROF708\image4185.png,39
PJM180\image1097.png,19
ROF10\image258.jpeg,25
ROM238\image2083.png,33
ROM28\image410.jpeg,41
ROM121\image1236.png,36
ROM294\image2439.png,17
PJF287\image1673.png,15
ROS801\image5003.png,5
ROM102\image900.png,2
ROF576\image3500.png,16
ROM706\image4155.png,32
ROS847\image5407.png,12
ROS847\image5388.png,12
ROF9\image153.png,40
ROM251\image2159.png,10
ROM1\image54.jpeg,4
ROM28\image404.jpeg,41
ROF606\image3574.png,24
PJM180\image1072.jpeg,19
ROF77\image647.png,38
ROF124\image1352.jpeg,7
ROM413\image2861.jpeg,0
ROM121\image1261.png,36
ROF576\image3513.png,16
ROF606\image3596.png,24
ROS847\image5408.png,12
ROS796\image4893.png,26
ROF6\image92.png,22
ROS796\image4908.png,26
ROM121\image1243.png,36
ROF116\image1215.png,18
ROM1\image32.jpeg,4
ROM238\image2051.jpeg,33
ROM271\image2295.png,34
ROM238\image2059.png,33
ROF63\image589.jpeg,8
ROM715\image4377.png,23
ROM413\image2895.png,0
ROF576\image3454.png,16
PJF7\image42.jpeg,35
ROF116\image1220.png,18
ROS849\image5471.png,31
ROM271\image2271.png,34
ROF9\image145.jpeg,40
ROM706\image4108.png,32
ROF576\image3442.png,16
ROS879\image5779.png,6
PJF7\image17.jpeg,35
ROF708\image4167.png,39
ROF6\image90.png,22
ROS879\image5770.png,6
ROF606\image3589.png,24
ROF160\image1599.png,30
ROM103\image968.jpeg,3
ROM413\image2890.png,0
ROM104\image982.png,1
ROM271\image2276.png,34
PJF287\image1648.png,15
ROF116\image1199.png,18
ROF10\image264.jpeg,25
ROS849\image5467.png,31
ROJ226\image1904.jpeg,42
ROM338\image2584.png,37
ROM102\image878.png,2
ROM121\image1284.png,36
ROM251\image2188.png,10
ROM338\image2577.jpeg,37
ROS801\image5011.png,5
ROS801\image5010.png,5
ROM231\image1925.jpeg,27
ROF6\image113.png,22
ROS796\image4898.png,26
ROM706\image4115.png,32
ROM251\image2156.jpeg,10
ROS849\image5449.png,31
ROS879\image5800.png,6
ROF6\image112.png,22
ROM715\image4355.png,23
ROM28\image379.png,41
ROF708\image4170.png,39
ROM231\image1973.png,27
PJF8\image82.jpeg,20
ROF77\image623.jpeg,38
ROF160\image1597.png,30
ROF10\image237.jpeg,25
ROM294\image2418.jpeg,17
ROF105\image1061.png,29
ROS849\image5453.png,31
ROJ226\image1877.png,42
ROF160\image1616.png,30
ROM106\image1092.jpeg,21
ROF9\image191.png,40
ROF606\image3604.png,24
ROS847\image5370.png,12
ROF124\image1337.png,7
ROM715\image4367.png,23
ROF606\image3597.png,24
ROM413\image2898.png,0
ROM103\image938.jpeg,3
ROM102\image890.png,2
ROF63\image565.jpeg,8
ROM1\image55.jpeg,4
ROM338\image2579.png,37
ROM294\image2417.png,17
ROF160\image1622.png,30
ROM294\image2421.jpeg,17
PJF287\image1659.png,15
ROF105\image1082.jpeg,29
ROS847\image5405.png,12
ROM103\image969.png,3
ROM104\image1032.png,1
ROM271\image2281.png,34
ROF166\image1661.jpeg,13
ROF105\image1066.png,29
ROF124\image1327.jpeg,7
ROF160\image1574.jpeg,30
PJM180\image1098.png,19
ROF77\image639.png,38
ROM102\image919.png,2
ROS796\image4871.png,26
ROF9\image187.png,40
ROF77\image685.png,38
ROM294\image2409.png,17
PJF7\image21.jpeg,35
ROF9\image184.jpeg,40
ROJ226\image1908.jpeg,42
ROM1\image27.png,4
ROM88\image763.png,14
ROM706\image4160.png,32
ROM104\image1028.png,1
ROF6\image119.png,22
ROM1\image42.jpeg,4
ROF9\image172.jpeg,40
ROM231\image1933.png,27
ROM271\image2325.png,34
PJF8\image76.jpeg,20
ROF576\image3418.png,16
ROM231\image1945.png,27
ROF6\image67.jpeg,22
ROM102\image899.png,2
ROF77\image624.png,38
ROF160\image1588.png,30
ROF166\image1670.jpeg,13
ROM102\image828.jpeg,2
ROM1\image51.jpeg,4
ROF160\image1613.png,30
ROF576\image3471.png,16
ROM715\image4362.png,23
ROM271\image2310.png,34
ROF9\image188.png,40
ROM413\image2900.png,0
ROM102\image837.jpeg,2
ROS847\image5367.png,12
PJF7\image44.jpeg,35
ROF606\image3576.png,24
ROS801\image4980.png,5
ROM706\image4137.png,32
ROM1\image17.jpeg,4
ROM294\image2446.jpeg,17
ROF63\image594.png,8
PJF7\image47.jpeg,35
ROF576\image3494.png,16
ROS796\image4916.png,26
ROS796\image4880.png,26
ROS849\image5470.png,31
ROF576\image3473.png,16
ROF116\image1172.png,18
ROF10\image248.jpeg,25
PJF37\image296.png,9
ROF9\image167.jpeg,40
ROF708\image4195.png,39
ROF606\image3609.png,24
ROM102\image906.png,2
ROM1\image6.jpeg,4
PJF287\image1641.png,15
ROM251\image2183.png,10
ROM1\image13.jpeg,4
ROF63\image601.png,8
ROF6\image104.png,22
ROM28\image407.jpeg,41
ROM102\image835.jpeg,2
ROF166\image1685.png,13
PJF37\image300.png,9
ROF708\image4172.png,39
ROM706\image4145.png,32
ROM294\image2459.png,17
ROF63\image597.png,8
ROM1\image48.jpeg,4
ROM102\image853.png,2
ROM413\image2875.jpeg,0
ROF9\image147.png,40
ROF116\image1202.jpeg,18
PJF287\image1656.png,15
ROF6\image107.png,22
PJF287\image1672.png,15
ROS847\image5389.png,12
ROF160\image1625.jpeg,30
ROF77\image648.png,38
ROM338\image2560.png,37
ROM413\image2859.png,0
ROF166\image1648.jpeg,13
ROM28\image397.jpeg,41
ROS849\image5469.png,31
ROF10\image225.png,25
ROF63\image548.jpeg,8
ROM121\image1253.png,36
PJF8\image77.jpeg,20
ROM28\image378.jpeg,41
ROF576\image3463.png,16
ROS849\image5423.png,31
ROM106\image1090.jpeg,21
ROF166\image1680.png,13
ROM283\image2380.jpeg,28
ROM294\image2452.png,17
ROM715\image4356.png,23
PJF7\image55.tiff,35
ROS879\image5804.png,6
ROM709\image4220.png,11
ROF9\image156.jpeg,40
PJM180\image1071.png,19
ROM102\image826.jpeg,2
ROF9\image168.jpeg,40
ROF6\image63.jpeg,22
ROF576\image3444.png,16
PJM180\image1061.jpeg,19
ROF10\image281.jpeg,25
ROJ226\image1898.png,42
ROS847\image5381.png,12
ROJ226\image1907.jpeg,42
ROM103\image935.jpeg,3
PJF287\image1653.tiff,15
ROS879\image5802.png,6
ROF166\image1657.jpeg,13
ROF576\image3496.png,16
ROS796\image4892.png,26
ROS796\image4919.png,26
ROM238\image2039.jpeg,33
ROF77\image687.png,38
ROF63\image561.jpeg,8
ROF10\image205.jpeg,25
ROM715\image4365.png,23
ROM294\image2435.png,17
ROS879\image5788.png,6
ROM715\image4376.png,23
ROM28\image385.jpeg,41
ROJ226\image1883.png,42
ROF160\image1570.jpeg,30
ROF77\image682.jpeg,38
ROS879\image5798.png,6
ROF576\image3477.png,16
ROS801\image4992.png,5
ROM102\image905.jpeg,2
ROM102\image845.jpeg,2
ROM121\image1259.png,36
ROS796\image4901.png,26
ROM238\image2062.png,33
ROS849\image5461.png,31
ROM104\image1020.png,1
ROS847\image5417.png,12
ROM251\image2191.png,10
PJF8\image83.jpeg,20
ROM28\image396.jpeg,41
ROF77\image684.png,38
ROS849\image5457.png,31
ROF708\image4196.png,39
ROM413\image2888.png,0
ROM413\image2853.png,0
PJF7\image26.png,35
ROS847\image5387.png,12
ROF10\image233.png,25
PJF7\image31.jpeg,35
ROM121\image1289.png,36
ROM121\image1287.png,36
ROM271\image2294.png,34
ROF576\image3424.jpeg,16
ROF576\image3465.png,16
ROM28\image388.jpeg,41
ROM88\image721.png,14
ROF116\image1206.png,18
ROM102\image841.jpeg,2
ROM271\image2328.png,34
ROM715\image4347.png,23
ROS847\image5400.png,12
ROF124\image1348.jpeg,7
ROM104\image984.png,1
ROM715\image4340.png,23
ROF708\image4199.png,39
ROS849\image5458.png,31
ROF576\image3461.png,16
ROS801\image4987.png,5
ROM294\image2423.jpeg,17
ROF10\image242.jpeg,25
ROM271\image2280.png,34
ROM121\image1282.png,36
ROS796\image4920.png,26
ROM706\image4132.png,32
ROM294\image2438.png,17
ROF576\image3478.png,16
ROS847\image5390.png,12
ROM706\image4122.png,32
ROF160\image1589.png,30
ROM338\image2562.jpeg,37
ROM283\image2356.jpeg,28
PJF8\image69.jpeg,20
ROM238\image2069.png,33
ROM706\image4149.png,32
ROM106\image1113.jpeg,21
ROS849\image5473.png,31
ROF576\image3497.png,16
ROM294\image2430.png,17
PJM180\image1067.png,19
ROM102\image834.jpeg,2
ROF576\image3446.png,16
ROS796\image4913.png,26
ROM413\image2899.png,0
PJM180\image1078.jpeg,19
ROF10\image273.jpeg,25
ROF606\image3602.png,24
ROF116\image1203.png,18
PJF7\image50.jpeg,35
PJM180\image1083.jpeg,19
ROF63\image599.png,8
ROM121\image1283.png,36
ROM283\image2355.jpeg,28
ROM28\image387.png,41
ROM28\image399.jpeg,41
ROS849\image5454.png,31
ROM102\image840.jpeg,2
ROM271\image2307.png,34
ROM283\image2381.jpeg,28
ROF708\image4173.png,39
ROM251\image2177.png,10
ROF576\image3479.png,16
PJF287\image1638.jpeg,15
ROS796\image4882.png,26
ROF6\image62.jpeg,22
ROM271\image2282.png,34
ROM104\image1011.png,1
ROS847\image5409.png,12
ROM238\image2055.jpeg,33
ROM338\image2572.png,37
ROM102\image823.jpeg,2
ROS849\image5441.png,31
ROM271\image2277.png,34
ROM706\image4161.png,32
ROF576\image3501.png,16
ROF6\image106.png,22
ROM103\image949.jpeg,3
ROF105\image1043.jpeg,29
ROF576\image3486.png,16
ROM121\image1278.png,36
ROM231\image1954.png,27
ROF6\image73.jpeg,22
ROM104\image1002.png,1
ROM294\image2404.jpeg,17
ROF9\image148.jpeg,40
ROM104\image1026.png,1
ROM121\image1244.png,36
ROM121\image1252.png,36
ROS801\image4997.png,5
ROM231\image1971.png,27
ROM709\image4252.png,11
ROM238\image2064.png,33
ROM271\image2309.png,34
ROM106\image1098.jpeg,21
ROS849\image5464.png,31
ROS879\image5775.png,6
ROM271\image2289.jpeg,34
ROJ226\image1889.png,42
ROF63\image559.png,8
ROM251\image2185.png,10
ROM294\image2455.png,17
ROM28\image414.jpeg,41
ROM102\image870.png,2
ROJ226\image1897.png,42
ROF166\image1651.png,13
ROM271\image2324.png,34
ROS849\image5433.png,31
ROM283\image2379.png,28
ROM413\image2892.jpeg,0
PJF7\image23.png,35
ROF9\image196.png,40
ROF166\image1674.jpeg,13
ROF708\image4182.png,39
ROM231\image1959.png,27
ROM413\image2850.png,0
ROJ226\image1876.jpeg,42
PJM180\image1087.jpeg,19
ROF116\image1195.jpeg,18
ROF708\image4189.png,39
ROF116\image1200.jpeg,18
ROS849\image5427.png,31
ROJ226\image1866.png,42
ROM231\image1960.png,27
ROF77\image688.png,38
ROM251\image2158.png,10
ROM413\image2864.png,0
ROS796\image4868.png,26
ROF63\image568.jpeg,8
ROM283\image2373.png,28
ROF160\image1603.jpeg,30
ROF606\image3615.png,24
ROM338\image2582.png,37
PJM180\image1081.jpeg,19
ROS796\image4904.png,26
ROM715\image4379.png,23
ROS847\image5391.png,12
ROM294\image2432.png,17
ROF116\image1181.png,18
ROF116\image1221.png,18
ROM28\image390.png,41
ROF116\image1194.jpeg,18
ROM238\image2057.jpeg,33
ROM102\image849.png,2
ROM231\image1970.png,27
ROM709\image4241.png,11
ROM102\image839.jpeg,2
ROM106\image1111.jpeg,21
PJF37\image314.jpeg,9
ROM715\image4353.png,23
ROM102\image867.png,2
ROF160\image1593.png,30
ROF116\image1182.png,18
ROS801\image4995.png,5
ROF606\image3599.png,24
ROS847\image5377.png,12
ROF63\image555.jpeg,8
ROM1\image12.jpeg,4
ROF708\image4197.png,39
ROF105\image1063.png,29
ROS849\image5456.png,31
ROF9\image192.png,40
ROM103\image967.jpeg,3
ROF124\image1351.png,7
ROF63\image579.jpeg,8
ROS849\image5430.png,31
ROF9\image171.png,40
ROM706\image4144.png,32
PJM180\image1082.jpeg,19
PJF8\image84.jpeg,20
ROM251\image2167.png,10
ROF6\image66.jpeg,22
ROM231\image1975.png,27
ROM1\image9.jpeg,4
ROF9\image197.png,40
ROM251\image2173.png,10
ROM706\image4118.png,32
ROS847\image5366.png,12
PJF287\image1671.tiff,15
ROF606\image3611.png,24
ROM231\image1953.png,27
ROM121\image1234.png,36
ROM88\image759.png,14
ROM106\image1107.jpeg,21
ROM709\image4255.png,11
ROF10\image221.png,25
ROM715\image4352.png,23
ROS879\image5771.png,6
ROF576\image3438.png,16
ROM104\image1017.png,1
ROS801\image4974.png,5
ROM715\image4359.png,23
ROF576\image3484.png,16
ROM238\image2063.png,33
ROM103\image959.png,3
ROM413\image2868.jpeg,0
ROF166\image1673.jpeg,13
PJM180\image1070.png,19
ROM294\image2442.jpeg,17
ROF9\image151.jpeg,40
ROM709\image4261.png,11
ROM1\image18.jpeg,4
ROF160\image1575.jpeg,30
ROF606\image3583.png,24
ROS847\image5413.png,12
PJF287\image1658.png,15
ROF124\image1355.png,7
ROM102\image871.png,2
ROS849\image5437.png,31
ROF77\image683.png,38
ROM102\image902.jpeg,2
ROM238\image2050.jpeg,33
ROS879\image5799.png,6
ROF606\image3605.png,24
ROM28\image377.png,41
PJF8\image101.jpeg,20
ROM88\image755.jpeg,14
ROM231\image1957.png,27
ROF105\image1056.jpeg,29
ROM103\image930.jpeg,3
ROF160\image1567.jpeg,30
ROS796\image4891.png,26
ROM271\image2284.png,34
ROM1\image3.jpeg,4
ROM102\image817.jpeg,2
ROM104\image1014.jpeg,1
ROF708\image4179.png,39
